{"cameraMode":{"drawMode":0,"name":"Shaded","section":"Shading Mode"},"sceneLighting":true,"audioPlay":false,"sceneViewState":{"m_AlwaysRefresh":false,"showFog":true,"showSkybox":true,"showFlares":true,"showImageEffects":true,"showParticleSystems":true,"showVisualEffectGraphs":true,"m_FxEnabled":true},"in2DMode":false,"pivot":{"x":-9.324445724487305,"y":0.8947757482528687,"z":4.390144348144531},"rotation":{"x":0.018297377973794938,"y":0.0377500094473362,"z":-0.0006892434903420508,"w":0.9991604089736939},"size":18.935575485229493,"orthographic":false}